block_ms,block_ps,layer,n_pairs,A40,phase40_rad,phase40_ps,cv40,chi2_40,best_period_ps,best_amplitude,best_phase_rad,best_phase_ps
1.0,1000000000,surrogate_block_shuffle,4196,0.028659278085728435,-0.3153914913814018,37.992155405500995,0.09510937549084399,0.9732345823861553,90,0.1509507897242499,-0.13522059064065564,88.06310771325604
10.0,10000000000,surrogate_block_shuffle,6924,0.013587081808666959,0.20014647337823085,1.274172023222235,0.06923738078141484,0.8510865217970939,93,0.23456707727681955,0.04914738104909357,0.727450522960529
100.0,100000000000,surrogate_block_shuffle,3628,0.015641850837537156,2.3547750966284715,14.99096385992467,0.08696065727325687,0.7034744013795833,90,0.08120988163486473,-0.2617439480451743,86.25079411598
